industry,experiment,pair_std
Finance,Exp1,6.083622943041705
Finance,Exp3,5.844781324713983
HR,Exp1,5.227052010542634
HR,Exp3,4.820561894510616
IT,Exp1,3.544772918893458
IT,Exp3,3.491370959618431
Legal,Exp1,6.840773435848156
Legal,Exp3,6.649220575188922
